Name,Address1,Address2,City,State,PostalCode,CountryCode
Amazon OAK4,1555 N. Chrisman Road,,Tracy,CA,95304,US
Amazon OAK5,38811 Cherry Street,,Newark,CA,94560,US
Amazon MCO5,305 Deen Still Road,,Davenport,FL,33897,US
Amazon MIA5,1900 NW 132nd Place,,Doral,FL,33182,US
Amazon TPA1,351 30th Street NE,,Ruskin,FL,33570,US
Amazon BOS1,10 State St,,Nashua,NH,03063,US
Amazon ACY5,2277 Center Square Road,,Swedesboro,NJ,08085,US
Amazon EWR4,50 New Canton Way,,Robbinsville,NJ,08691,US
Amazon EWR5,301 Blair Road #100,,Avenel,NJ,07001,US
Amazon EWR6,275 Omar Avenue,,Avenel,NJ,07001,US
Amazon EWR7,275 Omar Avenue,,Avenel,NJ,07001,US
Amazon EWR8,698 US-46,,Teterboro,NJ,07608,US
Amazon CTL5,1745 Derita Rd,,Concord,NC,28027,US
Amazon ABE2,705 Boulder Drive,,Breinigsville,PA,18031,US
Amazon ABE3,650 Boulder Drive,,Breinigsville,PA,18031,US
Amazon AVP1,550 Oak Ridge Road,,Hazleton,PA,18202,US
Amazon DPH1,4219 Richmond Street,,Philadelphia,PA,19137,US
Amazon MDT1,2 Ames Drive,,Carlisle,PA,17015,US
Amazon PHL4,21 Roadway Drive,,Carlisle,PA,17015,US
Amazon BNA5,50 Airways Blvd,,Nashville,TN,37217,US
Amazon CHA1,7200 Discovery Drive,,Chattanooga,TN,37416,US
Amazon DFW6,940 W Bethel Road,,Coppell,TX,75019,US
Amazon XUSE,5100 S Indianapolis Road,,Whitestown,IN,46075,US
Amazon MCI5,16851 W 113th St,,Lenexa,KS,66219,US
Amazon CVG1,1155 Worldwide Blvd,,Hebron,KY,41048,US
Amazon JFK7,7 W 34th St,,New York,NY,10001,US
Amazon CHA2,225 Infinity Drive NW,,Charleston,TN,37310,US
Amazon PHL1,1 Centerpoint Boulevard,,New Castle,DE,19720,US
Amazon JAX1,12900 Pecan Park Road,,Jacksonville,FL,32218,US
Amazon JAX2,12900 Pecan Park Rd,,Jacksonville,FL,32218,US
Amazon JAX5,4948 Bulls Bay Hwy,,Jacksonville,FL,32219,US
Amazon LAL1,1760 County Line Road,,Lakeland,FL,33811,US
Amazon MCO1,12340 Boggy Creek Rd,,Orlando,FL,32824,US
Amazon MIA1,14000 NW 37th Ave,,Opa Locka,FL,33054,US
Amazon MIA6,3200 NW 67th Avenue,,Miami,FL,33122,US
Amazon PFL1,1001 13th Avenue East,,Bradenton,FL,34208,US
Amazon SFL1,7469 Kingspointe Parkway,,Orlando,FL,32819,US
Amazon MCI7,27200 W 157th St,,New Century,KS,66031,US
Amazon BFI1,1800 140th Avenue Suite A,,Sumner,WA,98390,US
Amazon BFI3,2700 Center Drive,,DuPont,WA,98327,US
Amazon BFI4,21005 64th Ave S,,Kent,WA,98032,US
Amazon BFI5,20526 59th Place S,,Kent,WA,98032,US
Amazon BFI6,20202 84th Avenue South,,Kent,WA,98032,US
Amazon BFI7,1901 140th Ave E,,Sumner,WA,98390,US
Amazon SEA6,2646 Rainier Ave South,,Seattle,WA,98144,US
Amazon SEA8,1227 124th Ave NE a200,,Bellevue,WA,98005,US
Amazon MKE1,3501 120th Ave,,Kenosha,WI,53144,US
Amazon MKE5,11211 Burlington Rd,,Kenosha,WI,53144,US
Amazon DJA1,11084 Cabot Commerce Circle,,Jacksonville,FL,32226,US
Amazon DJX1,21 E Union St,,Jacksonville,FL,32202,US
Amazon DMI2,3200 Northwest 67th Avenue,,Miami,FL,33122,US
Amazon DMI3,3966 NW 65th Ave,,Virginia Gardens,FL,33166,US
Amazon DMO1,4917 Anzio St,,Orlando,FL,32819,US
Amazon DSR1,2000 Main St,,Sarasota,FL,34237,US
Amazon DTP1,108 W Brandon Blvd,,Brandon,FL,33511,US
Amazon DTP2,1868-1950 Beach Dr SE,,St. Petersburg,FL,33705,US
Amazon FFL1,820 NW 41st St,,Doral,FL,33178,US
Amazon FFL2,1201-1211 Brickell Ave,,Miami,FL,33131,US
Amazon FMI3,3966 NW 65th Ave,,Virginia Gardens,FL,33166,US
Amazon JAX6,2619 Ignition Dr,,Jacksonville,FL,32220,US
Amazon MCO2,2170 State Road 472,,Orange City,FL,32763,US
Amazon MCO6,7469 Kingspointe Parkway,,Orlando,FL,32819,US
Amazon MIA7,1900 NW 132nd Place,,Miami,FL,33182,US
Amazon PFL2,8060 State Rd 33 North,,Lakeland,FL,33809,US
Amazon RFL1,1201-1211 Brickell Ave,,Miami,FL,33131,US
Amazon RFL3,500 E Zack St,,Tampa,FL,33602,US
Amazon RFL4,2-50 W South St,,Orlando,FL,32801,US
Amazon RMI1,8855 SW 50th Terrace,,Miami,FL,33165,US
Amazon SFL2,18421 NW 67th Ave,,Hialeah,FL,33015,US
Amazon TFL2,101 NE 23rd Street,,Miami,FL,33137,US
Amazon TPA2,1760 County Line Road,,Lakeland,FL,33811,US
Amazon TPA6,3400 NW 35th Ave Rd,,Ocala,FL,34482,US
Amazon UFL1,15600 NW 15th Ave,,Miami Gardens,FL,33169,US
Amazon UFL2,101 NE 23rd Street,,Miami,FL,33137,US
Amazon UFL3,4430 East Adamo Suite 305,,Tampa,FL,33605,US
Amazon UFL4,7469 Kingspointe Parkway,,Orlando,FL,32819,US
Amazon UFL5,4769 Oak Fair Blvd,,Tampa,FL,33610,US
Amazon UFL6,3200 NW 67th Avenue,,Miami,FL,33122,US
Amazon UFL7,6843 S Conway Rd,,Orlando,FL,32812,US
Amazon XUSF,901 West Landstreet Road Suite C,,Orlando,FL,32824,US
Amazon OAK3,255 Park Center Drive,,Patterson,CA,95363,US
Amazon GSE2,Healy Cir,,Washington,DC,20007,US
Amazon RDC1,1 Scott Cir NW,,Washington,DC,20036,US
Amazon RVA1,7213 Blair Rd NW,,Washington,DC,20012,US
Amazon CFL1,4225 East Plaza Drive,,Orlando,FL,32803,US
Amazon DM01,Tangelo Park,,Orlando,FL,32189,US
Amazon DM11,15600 NW 15th Ave,,Miami Gardens,FL,33169,US
Amazon PWA1,2309 Milwaukee Way,,Tacoma,WA,98421,US
Amazon DSE2,6705 E Marginal Way,,Seattle,WA,98108,US
Amazon FSE2,5100 15th Ave NW,,Seattle,WA,98107,US
Amazon FSE3,76 South Lander Street,,Seattle,WA,98134,US
Amazon HWA1,11710 118th Ave NE Building B,,Kirkland,WA,98034,US
Amazon HWA2,11710 118th Ave NE Building B,,Kirkland,WA,98034,US
Amazon ISE2,1227 124th Ave NE Building 2 Suite A200,,Bellevue,WA,98004,US
Amazon TWA0,13537 Aurora Ave N,,Seattle,WA,98133,US
Amazon UTX4,PO Box 80387,,Seattle,WA,98108,US
Amazon UWA1,11710 118th Ave NE Building B,,Kirkland,WA,98034,US
Amazon UWA2,13537 Aurora Ave N,,Seattle,WA,98133,US
Amazon UWA3,2121 8th Ave,,Seattle,WA,98121,US
Amazon UWA4,76 S Lander Street,,Seattle,WA,98134,US
Amazon VUPM,22001 84th Avenue,,Kent,WA,98032,US
Amazon DML1,3935 W Mitchell St,,Milwaukee,WI,53125,US
Amazon UWI1,4111 W Mitchell Street,,Milwaukee,WI,53215,US
Walmart DC #6011,1400 SE J St,,Bentonville,AR,72712,US
Walmart DC #6012,801 SE J St,,Bentonville,AR,72712,US
Walmart DC #6022,3700 N Commerce Dr,,East Point,GA,30344,US
Walmart DC #6025,I-40 & US Hwy 13,,Brookhaven,MS,39601,US
Walmart DC #6030,1200 Distribution Dr,,Mt Pleasant,IA,52641,US
Walmart DC #6032,1500 SE 30th St,,Bentonville,AR,72712,US
Walmart DC #6034,2500 Distribution Dr,,Palestine,TX,75801,US
Walmart DC #6036,State Hwy 176,,Searcy,AR,72143,US
Walmart DC #6038,1700 Distribution Way,,Woodland,PA,16881,US
Walmart DC #6042,1500 Bethel Rd,,Coppell,TX,75019,US
Walmart DC #6045,3000 Distribution Dr,,Douglas,GA,31533,US
Walmart DC #6050,1500 N Distribution Way,,Grove City,OH,43123,US
Walmart DC #6052,3000 Walmart Dr,,Laurens,SC,29360,US
Walmart DC #6053,2200 Distribution Way,,Columbus,NE,68601,US
Walmart DC #6054,1801 Industrial Rd,,Clarksville,AR,72830,US
Walmart DC #6055,3300 SE 5th St,,Bentonville,AR,72712,US
Walmart DC #6058,6000 Progress Pkwy,,Peru,IL,61354,US
Walmart DC #6060,1500 Walmart Way,,Arcadia,FL,34266,US
Walmart DC #6062,I-70 & Hwy 13,,Moberly,MO,65270,US
Walmart DC #6063,900 Walmart Dr,,Danville,VA,24540,US
Walmart DC #6064,2700 Distribution Dr,,DeKalb,TX,75559,US
Walmart DC #6065,Highway 51 South,,Senatobia,MS,38668,US
Walmart DC #6070,2200 Walmart Dr,,Loveland,CO,80538,US
Walmart DC #6072,900 Airpark Dr,,New Braunfels,TX,78130,US
Walmart DC #6074,3500 Distribution Dr,,Grenada,MS,38901,US
Walmart DC #6078,1500 Industrial Pkwy,,Cleburne,TX,76033,US
Walmart DC #6080,2000 Walmart Way,,Somerset,KY,42501,US
Walmart DC #6082,1700 Distribution Dr,,Terrell,TX,75160,US
Walmart DC #6086,3500 Industrial Dr,,Durant,OK,74701,US
Walmart DC #6087,900 SE Distribution Dr,,Hermiston,OR,97838,US
Walmart DC #6088,2500 Walmart Dr,,Shelbyville,TN,37160,US
Walmart DC #6089,2000 Logistics Pkwy,,Wintersville,OH,43953,US
Walmart DC #6090,1700 Distribution Dr,,Gordonsville,VA,22942,US
Walmart DC #6091,3000 Walmart Way,,Shelby,NC,28150,US
Walmart DC #6092,2500 Distribution Dr,,Plainview,TX,79072,US
Walmart DC #6095,1500 Walmart Pkwy,,Opelika,AL,36801,US
Walmart DC #6096,4000 Distribution Dr,,Johnstown,NY,12095,US
Walmart DC #6097,3500 Walmart Dr,,Brundidge,AL,36010,US
Walmart DC #6098,2000 Distribution Way,,Bethlehem,PA,18020,US
Walmart DC #7000,1500 SE Distribution Dr,,Bentonville,AR,72712,US
Walmart DC #7011,4000 Distribution Pkwy,,Mt Crawford,VA,22841,US
Walmart DC #7014,2500 Walmart Dr,,Garrett,IN,46738,US
Walmart DC #7016,1500 Distribution Dr,,Monroe,GA,30655,US
Walmart DC #7018,3000 Logistics Dr,,Apple Valley,CA,92308,US
Walmart DC #7019,2000 Distribution Dr,,Clewiston,FL,33440,US
Walmart DC #7020,1700 Walmart Way,,Menomonie,WI,54751,US
Walmart DC #7024,2500 Logistics Pkwy,,Laurel,MS,39443,US
Walmart DC #7025,3000 Distribution Way,,Ottawa,KS,66067,US
Walmart DC #7028,1500 Walmart Dr,,Houston,TX,77049,US
Walmart DC #7030,2000 Distribution Pkwy,,Gas City,IN,46933,US
Walmart DC #7032,2500 Walmart Way,,Trinidad,CO,81082,US
Walmart Food DC #7001,3990 SE J St,,Bentonville,AR,72712,US
Walmart Food DC #7002,1200 Logistics Dr,,Clarksville,AR,72830,US
Walmart Food DC #7003,2500 Distribution Way,,Ft Smith,AR,72916,US
Walmart Food DC #7004,3000 Walmart Pkwy,,Stuttgart,AR,72160,US
Walmart Food DC #7005,1500 Distribution Dr,,Hope Mills,NC,28348,US
Walmart Food DC #7006,2000 Logistics Way,,Woodland,CA,95776,US
Walmart Food DC #7007,2700 Distribution Pkwy,,Atlanta,GA,30349,US
Walmart Food DC #7008,1800 Walmart Dr,,Mankato,MN,56001,US
Walmart Food DC #7009,3500 Distribution Dr,,Winter Haven,FL,33884,US
Walmart Food DC #7010,2200 Logistics Pkwy,,Nocona,TX,76255,US
Walmart Food DC #7012,1900 Distribution Way,,Temple,TX,76504,US
Walmart Food DC #7013,2600 Walmart Way,,New Braunfels,TX,78130,US
Walmart Food DC #7015,3200 Distribution Dr,,York,PA,17406,US
Walmart Food DC #7017,1700 Logistics Dr,,Balzac,AB,T4B2A3,CA
Walmart Food DC #7021,2400 Distribution Pkwy,,Grandview,MO,64030,US
Walmart Food DC #7022,3100 Walmart Dr,,Brookhaven,MS,39601,US
Walmart Food DC #7023,1600 Distribution Way,,Findlay,OH,45840,US
Walmart Food DC #7026,2800 Logistics Pkwy,,Shelbyville,IN,46176,US
Walmart Food DC #7027,1900 Walmart Way,,Lebanon,TN,37090,US
Walmart Food DC #7029,2300 Distribution Dr,,Johnstown,CO,80534,US
FedEx Atlanta DC,3700 N Commerce Dr,,East Point,GA,30344,US
FedEx Chicago DC,1101 Busse Drive,,Elk Grove Village,IL,60007,US
FedEx Dallas DC,1144 West Bethel Road Suite 100,,Coppell,TX,75019,US
FedEx Detroit DC,11101 Metro Airport Center Drive Suite 100,,Romulus,MI,48174,US
FedEx El Paso DC,1280 Don Haskins,,El Paso,TX,79936,US
FedEx Laredo DC,8202 Killam Industrial Blvd,,Laredo,TX,78045,US
FedEx Los Angeles DC,17120 South Main St,,Gardena,CA,90248,US
FedEx Philadelphia DC,401 Elmwood Avenue,,Sharon Hill,PA,19079,US
FedEx Port Huron DC,151 Gaffield Drive,,Kimball,MI,48074,US
FedEx San Diego DC,8409 Kerns Street,,San Diego,CA,92154,US
FedEx Buffalo DC,5995 South Park Avenue,,Hamburg,NY,14075,US
FedEx Champlain DC,156 Lawrence Paquette Industrial Drive,,Champlain,NY,12919,US
Target DC York,401 Elmwood Avenue,,York,PA,17402,US
Target DC Oconomowoc,1050 N Sawyer Rd,,Oconomowoc,WI,53066,US
Target DC Lacey,7001 Linderson Way SW,,Lacey,WA,98503,US
Target DC Rialto,1900 S Riverside Ave,,Rialto,CA,92376,US
Target DC Shafter,18800 Shafter Ave,,Shafter,CA,93263,US
Target DC Phoenix,2627 S 40th St,,Phoenix,AZ,85034,US
Target DC Woodland,1515 Matmor Rd,,Woodland,CA,95776,US
Home Depot RDC Columbus,1500 N Distribution Way,,Grove City,OH,43123,US
Home Depot RDC Savannah,1 Garden City Terminal Rd,,Savannah,GA,31408,US
Home Depot RDC Portland,5200 N Rivergate Ave,,Portland,OR,97203,US
Home Depot RDC Phoenix,3000 S 59th Ave,,Phoenix,AZ,85043,US
Lowe's RDC Findlay,1900 CR 99,,Findlay,OH,45840,US
Lowe's RDC Mt Crawford,2600 Distribution Center Dr,,Mt Crawford,VA,22841,US
Lowe's RDC Ottawa,3000 Distribution Dr,,Ottawa,KS,66067,US
Lowe's RDC Perris,1601 Goetz Rd,,Perris,CA,92570,US
Costco DC Tracy,1601 S MacArthur Dr,,Tracy,CA,95377,US
Costco DC Mira Loma,2800 Hamner Ave,,Mira Loma,CA,91752,US
Costco DC Frederick,7310 Guilford Dr,,Frederick,MD,21704,US
Costco DC Sumner,3500 E Valley Hwy,,Sumner,WA,98390,US
Best Buy DC Findlay,2000 Bright Rd,,Findlay,OH,45840,US
Best Buy DC Macon,5900 Peake Rd,,Macon,GA,31220,US
Best Buy DC Hebron,4400 Olympic Blvd,,Hebron,KY,41048,US
UPS Worldport,1 UPS Way,,Louisville,KY,40213,US
UPS Atlanta Hub,1000 UPS Way,,Atlanta,GA,30354,US
UPS Dallas Hub,7701 W Airfield Dr,,Dallas,TX,75261,US
UPS Phoenix Hub,3000 E Sky Harbor Blvd,,Phoenix,AZ,85034,US
UPS Philadelphia Hub,4601 E Stiles St,,Philadelphia,PA,19124,US
DHL Cincinnati Hub,3425 Wilkens Blvd,,Erlanger,KY,41018,US
DHL Phoenix Gateway,2800 S 24th St,,Phoenix,AZ,85034,US
XPO Logistics Memphis,3350 Players Club Pkwy,,Memphis,TN,38125,US
XPO Logistics Atlanta,4100 Wendell Dr SW,,Atlanta,GA,30336,US
Penske Logistics Dallas,2500 Logistics Pkwy,,Grand Prairie,TX,75050,US
Penske Logistics Chicago,1650 Glenn Curtiss St,,Elk Grove Village,IL,60007,US
NFI Distribution Center Edison,600 Corporate Blvd,,Robbinsville,NJ,08691,US
NFI Distribution Center Riverside,7177 Jurupa Ave,,Riverside,CA,92504,US
Amazon PHX3,4750 W Mohave St,,Phoenix,AZ,85043,US
Amazon PHX5,6835 W Buckeye Rd,,Phoenix,AZ,85043,US
Amazon PHX6,16920 W Commerce Dr,,Goodyear,AZ,85338,US
Amazon PHX7,4750 W Mohave St,,Phoenix,AZ,85043,US
Amazon TUS1,3050 W Ina Rd,,Tucson,AZ,85741,US
Amazon ONT2,24208 San Michele Rd,,Moreno Valley,CA,92551,US
Amazon ONT6,1910 E Central Ave,,San Bernardino,CA,92408,US
Amazon ONT8,2125 W San Bernardino Ave,,Redlands,CA,92374,US
Amazon ONT9,1810 E Cooley Dr,,Colton,CA,92324,US
Amazon LGB3,4950 Goodman Way,,Eastvale,CA,91752,US
Amazon LGB4,18601 Broadwick St,,Rancho Dominguez,CA,90220,US
Amazon LGB6,4950 Goodman Way,,Eastvale,CA,91752,US
Amazon LGB8,8885 Haven Ave,,Rancho Cucamonga,CA,91730,US
Amazon SMF1,500 Center Dr,,Patterson,CA,95363,US
Amazon SMF3,255 Park Center Dr,,Patterson,CA,95363,US
Amazon SMF5,8915 Keifer Blvd,,Sacramento,CA,95826,US
Amazon SMF6,4200 Northgate Blvd,,Sacramento,CA,95834,US
Amazon SMF7,4100 Innovation Dr,,West Sacramento,CA,95691,US
Amazon SAN1,1690 W San Marcos Blvd,,San Marcos,CA,92069,US
Amazon SAN3,3680 Calle Fortunada,,San Diego,CA,92173,US
Amazon SJC7,188 Mountain Springs Dr,,San Jose,CA,95134,US
Amazon SJC8,2445 Estand Way,,Pleasant Hill,CA,94523,US
Amazon SJC9,37055 Oak St,,Newark,CA,94560,US
Amazon DEN1,19799 E 36th Dr,,Aurora,CO,80011,US
Amazon DEN2,2455 Fulfillment Way,,Thornton,CO,80229,US
Amazon DEN3,8451 E Prentice Ave,,Greenwood Village,CO,80111,US
Amazon DEN4,26101 E 48th Ave,,Aurora,CO,80019,US
Amazon DEN5,100 S Potomac St,,Aurora,CO,80012,US
Amazon BDL1,75 Roberts St,,East Hartford,CT,06108,US
Amazon BDL2,800 Connecticut Blvd,,East Hartford,CT,06108,US
Amazon ATL1,7200 Logistics Pkwy,,Jefferson,GA,30549,US
Amazon ATL2,1000 International Pkwy,,Macon,GA,31216,US
Amazon ATL6,5001 Fulton Industrial Blvd SW,,Atlanta,GA,30336,US
Amazon ATL7,6855 Shannon Pkwy,,Union City,GA,30291,US
Amazon ATL8,165 Fulton Industrial Cir SW,,Atlanta,GA,30336,US
Amazon SAV1,100 Gulfstream Rd,,Pooler,GA,31322,US
Amazon SAV2,150 Woodley Rd,,Savannah,GA,31408,US
Amazon MDW2,250 Emerald Dr,,Joliet,IL,60433,US
Amazon MDW4,1125 Remington Blvd,,Bolingbrook,IL,60490,US
Amazon MDW6,24000 W Durkee Rd,,Channahon,IL,60410,US
Amazon MDW7,1125 Remington Blvd,,Bolingbrook,IL,60490,US
Amazon MDW9,1700 Averill Rd,,Geneva,IL,60134,US
Amazon IND1,715 Airtech Pkwy,,Plainfield,IN,46168,US
Amazon IND2,710 S Girls School Rd,,Indianapolis,IN,46231,US
Amazon IND3,880 N Executive Dr,,Brookville,IN,47012,US
Amazon IND4,710 S Girls School Rd,,Indianapolis,IN,46231,US
Amazon IND5,715 Airtech Pkwy,,Plainfield,IN,46168,US
Amazon SDF8,9600 Duke Realty Dr,,Louisville,KY,40258,US
Amazon SDF9,271 Omega Pkwy,,Shepherdsville,KY,40165,US
Walmart Import DC Mira Loma,2001 Shelby Dr,,Mira Loma,CA,91752,US
Walmart Import DC Savannah,1 Garden City Terminal Rd,,Savannah,GA,31408,US
Walmart Import DC Houston,1900 Battleground Rd,,La Porte,TX,77571,US
Walmart Import DC Norfolk,1400 Seaboard Ave,,Chesapeake,VA,23324,US
Walmart Import DC Elwood,500 Emerald Dr,,Joliet,IL,60433,US
Walmart Sam's DC Ft Worth,5701 South Fwy,,Ft Worth,TX,76115,US
Walmart Sam's DC Houston,13777 Veterans Memorial Dr,,Houston,TX,77014,US
Walmart Sam's DC Phoenix,4835 W McDowell Rd,,Phoenix,AZ,85035,US
Walmart Sam's DC Atlanta,2455 Paces Ferry Rd,,Atlanta,GA,30339,US
Walmart Sam's DC Dallas,8250 N Stemmons Fwy,,Dallas,TX,75247,US
Walmart Fashion DC Ft Payne,1200 Glenn Blvd,,Ft Payne,AL,35967,US
Walmart Fashion DC Riverside,7177 Jurupa Ave,,Riverside,CA,92504,US
Walmart Fashion DC Buckeye,22601 W Durango St,,Buckeye,AZ,85326,US
Walmart DC Hopkinsville,3250 Fort Campbell Blvd,,Hopkinsville,KY,42240,US
Walmart DC Sutherland,1500 Road 109,,Sutherland,NE,69165,US
Walmart DC London,1900 KY-192,,London,KY,40741,US
Walmart DC New Braunfels,2001 River Rd,,New Braunfels,TX,78130,US
Walmart DC Greencastle,1601 Logistics Ln,,Greencastle,PA,17225,US
Walmart DC Buckeye,22601 W Durango St,,Buckeye,AZ,85326,US
Walmart DC Pataskala,1000 Summit Rd,,Pataskala,OH,43062,US
Amazon BOS2,350 Riverway Pl,,Bedford,NH,03110,US
Amazon BOS3,1 New England Executive Park,,Burlington,MA,01803,US
Amazon BOS5,406 Donald Lynch Blvd,,Marlborough,MA,01752,US
Amazon BOS7,1 Distribution Way,,North Andover,MA,01845,US
Amazon BWI1,2010 Broening Hwy,,Baltimore,MD,21224,US
Amazon BWI2,3750 Coca Cola Dr,,Baltimore,MD,21230,US
Amazon BWI3,3750 Coca Cola Dr,,Baltimore,MD,21230,US
Amazon BWI5,800 Childs Point Rd,,Edgewood,MD,21040,US
Amazon CLT2,7721 Crestwood Corporate Dr,,Charlotte,NC,28217,US
Amazon CLT3,6000 Crossroads Corporate Dr,,Charlotte,NC,28217,US
Amazon CLT4,485 Clanton Rd,,Charlotte,NC,28217,US
Amazon CLT5,7600 Palmetto Commerce Pkwy,,North Charleston,SC,29418,US
Amazon CMH1,1501 Gateway Cir,,Grove City,OH,43123,US
Amazon CMH2,800 International Pkwy,,Obetz,OH,43207,US
Amazon CMH3,11903 National Rd SW,,Etna,OH,43018,US
Amazon CMH5,6050 Gateway Ct,,Groveport,OH,43125,US
Amazon DTW1,38800 Amrhein Rd,,Livonia,MI,48150,US
Amazon FAT1,19645 Ave E,,Clovis,CA,93619,US
Amazon HOU1,21010 Park Row Dr,,Katy,TX,77449,US
Amazon HOU2,1301 Cypress Creek Pkwy,,Houston,TX,77090,US
Amazon HOU3,18110 W Hardy Rd,,Houston,TX,77073,US
Amazon HOU5,18902 W Hardy Rd,,Houston,TX,77073,US
Amazon HOU7,2727 Wilson Rd,,Humble,TX,77396,US
Amazon IND6,5454 Dividend Dr,,Indianapolis,IN,46241,US
Amazon IND8,800 Perry Rd,,Plainfield,IN,46168,US
Amazon IND9,11555 N Pennsylvania St,,Carmel,IN,46032,US
Amazon LAS1,8000 N Las Vegas Blvd,,Las Vegas,NV,89115,US
Amazon LAS2,6040 Tropical Pkwy,,North Las Vegas,NV,89031,US
Amazon MEM1,2777 Pilot Dr,,Memphis,TN,38118,US
Amazon MEM2,3292 Pilot Dr,,Memphis,TN,38116,US
Amazon MEM3,2550 Pilot Dr,,Memphis,TN,38118,US
Amazon MEM4,8300 Centerpoint Dr,,Memphis,TN,38125,US
Amazon MSP1,2601 4th Ave E,,Shakopee,MN,55379,US
Amazon MSP6,15005 27th Ave N,,Plymouth,MN,55447,US
Amazon OKC1,7450 W Reno Ave,,Oklahoma City,OK,73127,US
Amazon PDX5,28910 SW Boberg Rd,,Wilsonville,OR,97070,US
Amazon PDX6,6835 NE 47th Ave,,Portland,OR,97218,US
Amazon PDX7,3555 NW St Helens Rd,,Portland,OR,97210,US
Amazon PDX9,31125 SW Peoria Rd,,Wilsonville,OR,97070,US
Amazon RDU1,3502 Gateway Centre Blvd,,Morrisville,NC,27560,US
Amazon RIC1,5000 Commerce Rd,,Petersburg,VA,23803,US
Amazon RIC2,5000 Commerce Rd,,Petersburg,VA,23803,US
Amazon RIC3,1901 Meadowville Technology Pkwy,,Chester,VA,23836,US
Amazon SLC1,5775 W Harold Gatty Dr,,Salt Lake City,UT,84116,US
Amazon STL4,1400 E Union Rd,,Edwardsville,IL,62025,US
Amazon STL5,3077 Gateway Commerce Center Dr S,,Edwardsville,IL,62025,US
Amazon STL6,2150 Lakeside Dr,,Edwardsville,IL,62025,US
Amazon TEB3,20 Enterprise Ave S,,Robbinsville,NJ,08691,US
Amazon TEB6,2 Executive Dr,,Edison,NJ,08817,US
Amazon TEB9,8003 Industrial Ave,,North Bergen,NJ,07047,US
FedEx Ground Hub Martinsburg,500 FedEx Way,,Martinsburg,WV,25401,US
FedEx Ground Hub Indianapolis,6801 W Washington St,,Indianapolis,IN,46241,US
FedEx Ground Hub Kansas City,19645 W 156th St,,Olathe,KS,66062,US
FedEx Ground Hub Oakland,7101 Oakport St,,Oakland,CA,94621,US
FedEx Ground Hub Phoenix,4600 E Elwood St,,Phoenix,AZ,85040,US
FedEx Ground Hub Portland,11721 NE Whitaker Way,,Portland,OR,97230,US
FedEx Ground Hub Houston,4949 Townsen Blvd,,Houston,TX,77041,US
FedEx Ground Hub Denver,18901 E 39th Ave,,Denver,CO,80249,US
FedEx Ground Hub Miami,3450 NW 115th Ave,,Doral,FL,33178,US
FedEx Ground Hub Orlando,3280 Titan Row,,Orlando,FL,32809,US
FedEx Ground Hub Seattle,20610 44th Ave W,,Lynnwood,WA,98036,US
FedEx Ground Hub Minneapolis,2727 4th Ave E,,Shakopee,MN,55379,US
FedEx Ground Hub Columbus,2855 Worldwide Blvd,,Hebron,OH,43025,US
FedEx Ground Hub Charlotte,6801 W WT Harris Blvd,,Charlotte,NC,28269,US
FedEx Ground Hub Baltimore,6801 Eastern Ave,,Baltimore,MD,21224,US
UPS Chicago Hub,1000 UPS Way,,Chicago,IL,60666,US
UPS Rockford Hub,5150 Prairie Hill Dr,,Rockford,IL,61109,US
UPS Ontario Hub,1910 E Central Ave,,Ontario,CA,91761,US
UPS Sacramento Hub,3775 Industrial Blvd,,West Sacramento,CA,95691,US
UPS Seattle Hub,1155 S 192nd St,,Seattle,WA,98148,US
UPS Denver Hub,7001 Tower Rd,,Denver,CO,80249,US
UPS Houston Hub,1801 York Rd,,Houston,TX,77045,US
UPS San Antonio Hub,1250 Gembler Rd,,San Antonio,TX,78219,US
UPS Miami Hub,2700 NW 132nd Ave,,Miami,FL,33182,US
UPS Orlando Hub,5901 S Orange Blossom Trl,,Orlando,FL,32809,US
UPS Boston Hub,400 American Legion Hwy,,Revere,MA,02151,US
UPS Newark Hub,100 Industrial Way W,,Eatontown,NJ,07724,US
UPS Minneapolis Hub,5801 NW 3rd St,,Minneapolis,MN,55428,US
UPS Cleveland Hub,5100 Schaaf Rd,,Cleveland,OH,44131,US
UPS Detroit Hub,7501 Merriman Rd,,Romulus,MI,48174,US
Target DC Grandview,700 Distribution Dr,,Grandview,TX,76050,US
Target DC Cedar Falls,7200 Nordic Dr,,Cedar Falls,IA,50613,US
Target DC Missoula,7200 Exchange Dr,,Missoula,MT,59808,US
Target DC DeKalb,3000 Sycamore Rd,,DeKalb,IL,60115,US
Target DC Savannah,15 Bourne Ave,,Savannah,GA,31408,US
Target DC Hopkinsville,3400 Fort Campbell Blvd,,Hopkinsville,KY,42240,US
Target DC Phoenix Sky Harbor,2700 S 24th St,,Phoenix,AZ,85034,US
Target DC Augusta,3805 Peach Orchard Rd,,Augusta,GA,30906,US
Target DC Dallas,13550 Diplomat Dr,,Farmers Branch,TX,75234,US
Target DC Pine Bluff,8201 Pullen Rd,,Pine Bluff,AR,71603,US
Target DC Pueblo,1777 Bonforte Blvd,,Pueblo,CO,81001,US
Target DC Stuarts Draft,301 Distributor Dr,,Stuarts Draft,VA,24477,US
Target DC Clarksville,1000 Target Way,,Clarksville,TN,37040,US
Target DC Fridley,1000 Target Cir,,Fridley,MN,55432,US
Target DC Apple Valley,15500 Cedar Ave,,Apple Valley,MN,55124,US
Home Depot RDC Lakeland,2800 Distribution Center Dr,,Lakeland,FL,33811,US
Home Depot RDC Phoenix,3000 S 59th Ave,,Phoenix,AZ,85043,US
Home Depot RDC Dallas,3000 S Beltline Rd,,Dallas,TX,75253,US
Home Depot RDC Atlanta,1050 Crown Pointe Pkwy,,Atlanta,GA,30338,US
Home Depot RDC Chicago,18001 S Ridgeland Ave,,Tinley Park,IL,60477,US
Home Depot RDC Denver,5901 E 58th Ave,,Commerce City,CO,80022,US
Home Depot RDC Houston,16000 Northwest Fwy,,Houston,TX,77040,US
Home Depot RDC Los Angeles,2277 E Dominguez St,,Carson,CA,90810,US
Home Depot RDC Tampa,11450 49th St N,,Clearwater,FL,33762,US
Lowe's RDC Wilkesboro,200 Distribution Way,,North Wilkesboro,NC,28659,US
Lowe's RDC Olin,1200 Distribution Dr,,Olin,NC,28660,US
Lowe's RDC Pittston,300 Commerce Dr,,Pittston,PA,18640,US
Lowe's RDC Rockford,3100 Auburn St,,Rockford,IL,61101,US
Lowe's RDC Woodland,1515 Matmor Rd,,Woodland,CA,95776,US
Lowe's RDC Shafter,18800 Shafter Ave,,Shafter,CA,93263,US
Costco DC Los Angeles,1601 S Riverside Ave,,Rialto,CA,92376,US
Costco DC San Diego,1605 Fayette St,,El Cajon,CA,92020,US
Costco DC Phoenix,4835 W McDowell Rd,,Phoenix,AZ,85035,US
Costco DC Denver,9201 E 40th Ave,,Denver,CO,80238,US
Costco DC Atlanta,6255 Fulton Industrial Blvd SW,,Atlanta,GA,30336,US
Costco DC Chicago,1200 E Algonquin Rd,,Schaumburg,IL,60173,US
Costco DC Dallas,8787 N Stemmons Fwy,,Dallas,TX,75247,US
Costco DC Houston,1150 Cypress Station Dr,,Houston,TX,77090,US
Costco DC Orlando,7777 Kingspointe Pkwy,,Orlando,FL,32819,US
Costco DC Sacramento,550 Lillard Dr,,Sparks,NV,89434,US
CEVA Logistics Dallas,3001 Industrial Blvd,,Dallas,TX,75207,US
CEVA Logistics Chicago,1550 Corporate Blvd,,Elgin,IL,60123,US
CEVA Logistics Atlanta,3575 Clearview Ave SW,,Atlanta,GA,30331,US
CEVA Logistics Los Angeles,1901 E Dominguez St,,Carson,CA,90810,US
Ryder Logistics Miami,3450 NW 115th Ave,,Miami,FL,33178,US
Ryder Logistics Houston,14444 Will Clayton Pkwy,,Houston,TX,77032,US
Ryder Logistics Phoenix,2700 S 24th St,,Phoenix,AZ,85034,US
Ryder Logistics Atlanta,4100 Wendell Dr SW,,Atlanta,GA,30336,US
Schneider Logistics Charlotte,6801 W WT Harris Blvd,,Charlotte,NC,28269,US
Schneider Logistics Dallas,3300 S Carrier Pkwy,,Grand Prairie,TX,75051,US
Schneider Logistics Memphis,3350 Players Club Pkwy,,Memphis,TN,38125,US
C.H. Robinson Minneapolis,14701 Charlson Rd,,Eden Prairie,MN,55347,US
C.H. Robinson Phoenix,5130 E La Palma Ave,,Anaheim,CA,92807,US
XPO Logistics Chicago,1650 Glenn Curtiss St,,Elk Grove Village,IL,60007,US
XPO Logistics Dallas,2500 Logistics Pkwy,,Grand Prairie,TX,75050,US
Macy's DC Goodyear,1615 N Dysart Rd,,Goodyear,AZ,85395,US
Macy's DC Atlanta,3900 Crown Rd SW,,Atlanta,GA,30336,US
Macy's DC Memphis,5100 E Shelby Dr,,Memphis,TN,38141,US
JCPenney DC Burleson,2020 Distribution Way,,Burleson,TX,76028,US
JCPenney DC Lenexa,19645 W 156th St,,Lenexa,KS,66062,US
Kohl's DC San Bernardino,1901 E Central Ave,,San Bernardino,CA,92408,US
Kohl's DC Winchester,555 Kohl's Dr,,Winchester,VA,22602,US
Kohl's DC Ottawa,1800 N La Salle Rd,,Ottawa,IL,61350,US
Kohl's DC Blue Springs,1200 NW Vesper St,,Blue Springs,MO,64015,US
Best Buy DC Indianapolis,715 Airtech Pkwy,,Plainfield,IN,46168,US
Best Buy DC Phoenix,4835 W McDowell Rd,,Phoenix,AZ,85035,US
Best Buy DC Dallas,8250 N Stemmons Fwy,,Dallas,TX,75247,US
Gap Inc DC Fresno,301 W Dakota Ave,,Fresno,CA,93706,US
Gap Inc DC Fishkill,550 Corporate Dr,,Fishkill,NY,12524,US
Gap Inc DC Groveport,4500 Gateway Ct,,Groveport,OH,43125,US
Nike DC Memphis,2777 Pilot Dr,,Memphis,TN,38118,US
Nike DC Ontario,24955 Redlands Blvd,,Loma Linda,CA,92354,US
Adidas DC Spartanburg,551 Distribution Dr,,Spartanburg,SC,29303,US
Under Armour DC Rialto,2001 S Riverside Ave,,Rialto,CA,92376,US
PetSmart DC Ennis,2201 Distribution Dr,,Ennis,TX,75119,US
Petco DC Joliet,2700 McDonough St,,Joliet,IL,60436,US
Office Depot DC McDonough,1000 Distribution Pkwy,,McDonough,GA,30253,US
Staples DC Rialto,1901 E Central Ave,,Rialto,CA,92376,US
Dollar General DC Jonesville,100 Mission Ridge,,Jonesville,SC,29353,US
Dollar General DC Bessemer,1000 Dollar General Dr,,Bessemer,AL,35023,US
Dollar General DC Lebec,3000 Distribution Way,,Lebec,CA,93243,US
Dollar Tree DC Marietta,4100 Wendell Dr SW,,Marietta,GA,30008,US
Family Dollar DC West Memphis,1000 Family Dollar Dr,,West Memphis,AR,72301,US
Five Below DC Monroe,1500 Distribution Pkwy,,Monroe,NJ,08831,US
TJX DC Woodland,1515 Matmor Rd,,Woodland,CA,95776,US
Kroger DC Phoenix,4835 W McDowell Rd,,Phoenix,AZ,85035,US
Kroger DC Delta,200 Kroger Dr,,Delta,OH,43515,US
Kroger DC Indianapolis,3901 E 96th St,,Indianapolis,IN,46240,US
Kroger DC Roanoke,4261 Electric Rd,,Roanoke,VA,24018,US
Kroger DC Memphis,4251 New Getwell Rd,,Memphis,TN,38118,US
Kroger DC Portland,1001 NW Ellocott Dr,,Clackamas,OR,97015,US
Albertsons DC Riverside,7177 Jurupa Ave,,Riverside,CA,92504,US
Albertsons DC Phoenix,3000 S 52nd Ave,,Phoenix,AZ,85043,US
Albertsons DC Portland,9000 SE 74th Ave,,Milwaukie,OR,97222,US
Publix DC Lakeland,3600 Publix Corporate Pkwy,,Lakeland,FL,33811,US
Publix DC Jacksonville,8500 Nations Way,,Jacksonville,FL,32256,US
Publix DC Orlando,1650 Darden Distribution Dr,,Orlando,FL,32824,US
Publix DC Miami,3191 NW 99th Ave,,Doral,FL,33172,US
Publix DC Boynton Beach,3801 Seacrest Blvd,,Boynton Beach,FL,33436,US
H-E-B DC Houston,1601 Wirt Rd,,Houston,TX,77055,US
H-E-B DC San Antonio,5803 Callaghan Rd,,San Antonio,TX,78228,US
H-E-B DC Temple,3001 S 1st St,,Temple,TX,76504,US
Safeway DC Tracy,1601 S MacArthur Dr,,Tracy,CA,95377,US
Safeway DC Clackamas,11000 SE 82nd Ave,,Happy Valley,OR,97086,US
Whole Foods DC Landover,9301 Largo Dr W,,Landover,MD,20774,US
Trader Joe's DC Monrovia,800 S Shamrock Ave,,Monrovia,CA,91016,US
Aldi DC Moreno Valley,24208 San Michele Rd,,Moreno Valley,CA,92551,US
Aldi DC Aurora,2455 Fulfillment Way,,Aurora,CO,80011,US
Aldi DC Loxley,17200 County Rd 68,,Loxley,AL,36551,US
Sprouts DC Phoenix,2700 S 24th St,,Phoenix,AZ,85034,US
Wegmans DC Ashland,12301 Washington Hwy,,Ashland,VA,23005,US
Wegmans DC Pottsville,1501 SR 183,,Pottsville,PA,17901,US
Meijer DC Lansing,6201 W Saginaw Hwy,,Lansing,MI,48917,US
Meijer DC Pleasant Prairie,11801 88th Ave,,Pleasant Prairie,WI,53158,US
Giant Eagle DC Pittsburgh,101 Kappa Dr,,Pittsburgh,PA,15238,US
McKesson DC Atlanta,3575 Clearview Ave SW,,Atlanta,GA,30331,US
McKesson DC Phoenix,2700 S 24th St,,Phoenix,AZ,85034,US
McKesson DC Dallas,3001 Industrial Blvd,,Dallas,TX,75207,US
McKesson DC Memphis,3292 Pilot Dr,,Memphis,TN,38116,US
Cardinal Health DC Albuquerque,6101 Eagle Rock Ave NE,,Albuquerque,NM,87113,US
Cardinal Health DC Swedesboro,2277 Center Square Rd,,Swedesboro,NJ,08085,US
Cardinal Health DC Groveport,4500 Gateway Ct,,Groveport,OH,43125,US
AmerisourceBergen DC Olive Branch,8600 Hacks Cross Rd,,Olive Branch,MS,38654,US
AmerisourceBergen DC Indianapolis,8201 Zionsville Rd,,Indianapolis,IN,46268,US
CVS Health DC Anderson,3390 S Main St,,Anderson,SC,29624,US
Walgreens DC Windsor,750 Weld County Rd 7,,Windsor,CO,80550,US
Walgreens DC Jupiter,15151 N Jupiter Rd,,Dallas,TX,75044,US
Rite Aid DC Lancaster,1100 Hicks Dr,,Lancaster,PA,17601,US
AutoZone DC Memphis,3350 Pilots Dr,,Memphis,TN,38116,US
AutoZone DC Dallas,8250 N Stemmons Fwy,,Dallas,TX,75247,US
AutoZone DC Phoenix,4835 W McDowell Rd,,Phoenix,AZ,85035,US
O'Reilly Auto DC Springfield,233 S Patterson Ave,,Springfield,MO,65802,US
O'Reilly Auto DC Dallas,1901 Corporate Dr,,Garland,TX,75041,US
Advance Auto DC Roanoke,5673 Airport Rd,,Roanoke,VA,24012,US
Advance Auto DC Orlando,7777 Kingspointe Pkwy,,Orlando,FL,32819,US
NAPA Auto DC Atlanta,2900 Hartsfield Rd,,Atlanta,GA,30354,US
NAPA Auto DC Phoenix,3000 S 59th Ave,,Phoenix,AZ,85043,US
Ferguson DC Phoenix,4835 W McDowell Rd,,Phoenix,AZ,85035,US
Ferguson DC Atlanta,3575 Clearview Ave SW,,Atlanta,GA,30331,US
Ferguson DC Dallas,3001 Industrial Blvd,,Dallas,TX,75207,US
Grainger DC Minooka,1000 Grainger Pkwy,,Minooka,IL,60447,US
Grainger DC Memphis,2777 Pilot Dr,,Memphis,TN,38118,US
MSC Industrial DC Davidson,500 Davidson Ave,,Davidson,NC,28036,US
Fastenal DC Winona,2001 Theurer Blvd,,Winona,MN,55987,US
HD Supply DC Atlanta,3900 Crown Rd SW,,Atlanta,GA,30336,US
Shopify DC Reno,1650 Freeport Blvd,,Sparks,NV,89431,US
Wayfair DC Cranbury,75 S Main St,,Cranbury,NJ,08512,US
Wayfair DC Savannah,150 Gulfstream Rd,,Pooler,GA,31322,US
Chewy DC Goodyear,1615 N Dysart Rd,,Goodyear,AZ,85395,US
Chewy DC Dallas,8250 N Stemmons Fwy,,Dallas,TX,75247,US
Zappos DC Shepherdsville,271 Omega Pkwy,,Shepherdsville,KY,40165,US
Fanatics DC Jacksonville,12900 Pecan Park Rd,,Jacksonville,FL,32218,US
Overstock DC Salt Lake City,6350 S 3000 E,,Salt Lake City,UT,84121,US
Apple DC Elk Grove,2700 Elk Grove Blvd,,Elk Grove,CA,95758,US
Apple DC Harrisburg,701 Allen Rd,,Carlisle,PA,17015,US
Samsung DC Carlisle,21 Roadway Dr,,Carlisle,PA,17015,US
HP DC Memphis,2777 Pilot Dr,,Memphis,TN,38118,US
Dell DC Austin,1 Dell Way,,Round Rock,TX,78682,US
Lenovo DC Whitsett,8001 Development Dr,,Whitsett,NC,27377,US
Sysco DC Atlanta,3575 Clearview Ave SW,,Atlanta,GA,30331,US
Sysco DC Houston,1390 Enclave Pkwy,,Houston,TX,77077,US
Sysco DC Los Angeles,17120 S Main St,,Gardena,CA,90248,US
Sysco DC Phoenix,4835 W McDowell Rd,,Phoenix,AZ,85035,US
US Foods DC Phoenix,3000 S 52nd Ave,,Phoenix,AZ,85043,US
US Foods DC Rialto,1901 E Central Ave,,Rialto,CA,92376,US
US Foods DC Houston,14444 Will Clayton Pkwy,,Houston,TX,77032,US
Gordon Food Service DC Grand Rapids,1300 Gezon Pkwy SW,,Wyoming,MI,49509,US
Performance Food Group DC Atlanta,4100 Wendell Dr SW,,Atlanta,GA,30336,US
Performance Food Group DC Phoenix,2700 S 24th St,,Phoenix,AZ,85034,US
Coca-Cola DC Atlanta,1 Coca Cola Plz,,Atlanta,GA,30313,US
Coca-Cola DC Phoenix,4835 W McDowell Rd,,Phoenix,AZ,85035,US
PepsiCo DC Dallas,7701 Legacy Dr,,Plano,TX,75024,US
PepsiCo DC Phoenix,3000 S 59th Ave,,Phoenix,AZ,85043,US
Anheuser-Busch DC Houston,775 Gellhorn Dr,,Houston,TX,77013,US
MillerCoors DC Memphis,2777 Pilot Dr,,Memphis,TN,38118,US
Amazon ABQ1,10901 Buick Ave NE,,Albuquerque,NM,87123,US
Amazon ACY1,2 Pureland Dr,,Logan Township,NJ,08085,US
Amazon ACY2,298 Pedricktown-Woodstown Rd,,Pedricktown,NJ,08067,US
Amazon AUS2,14919 E Howard Ln,,Manor,TX,78653,US
Amazon BDL4,186 Hartmann Way,,East Windsor,CT,06088,US
Amazon BDL5,1795 Shackamaxon Dr,,Bethlehem,PA,18015,US
Amazon BFI9,21650 64th Ave S,,Kent,WA,98032,US
Amazon BNA1,500 Duke Dr,,Lebanon,TN,37090,US
Amazon BNA2,14840 Central Pike,,Lebanon,TN,37090,US
Amazon BNA3,1800 Pewaukee St,,Murfreesboro,TN,37129,US
Amazon BNA4,3000 Joe B Jackson Pkwy,,Murfreesboro,TN,37127,US
Amazon CLE1,8901 Memphis Ave,,Brooklyn,OH,44144,US
Amazon CLE2,9555 Walford Ave,,Cleveland,OH,44102,US
Amazon CMH4,8845 Lochlin Cir,,Obetz,OH,43207,US
Amazon CMH6,930 Gateway Blvd,,Monroe,OH,45050,US
Amazon DAL1,2700 Regent Blvd,,Irving,TX,75063,US
Amazon DAL2,940 W Bethel Rd,,Coppell,TX,75019,US
Amazon DAL3,3333 Regent Blvd,,Irving,TX,75063,US
Amazon DAL5,5901 Ross Ave,,Dallas,TX,75206,US
Amazon DCA1,21800 Newlin Mill Rd,,Ashburn,VA,20147,US
Amazon DCA2,19840 Leitersburg Pike,,Hagerstown,MD,21742,US
Amazon DCA5,43910 Eastgate View Dr,,Chantilly,VA,20152,US
Amazon EWR9,8003 Industrial Ave,,North Bergen,NJ,07047,US
Amazon GRR1,3680 Kraft Ave SE,,Grand Rapids,MI,49512,US
Amazon GSO1,6050 Ballinger Rd,,Greensboro,NC,27410,US
Amazon HSV1,6846 Madison Blvd,,Madison,AL,35758,US
Amazon IAD1,2311 Brandermill Blvd,,Gambrills,MD,21054,US
Amazon ILN1,6050 Gateway Ct,,Groveport,OH,43125,US
Amazon JAX3,13333 103rd St,,Jacksonville,FL,32221,US
Amazon LAS6,6710 Boulder Hwy,,Las Vegas,NV,89122,US
Amazon LEX1,172 Trade St,,Lexington,KY,40511,US
Amazon LEX2,1850 Mercer Rd,,Lexington,KY,40511,US
Amazon LIT1,5333 Warden Rd,,North Little Rock,AR,72117,US
Amazon MCE1,3150 Mustang Dr,,Stockton,CA,95206,US
Amazon MCO3,12300 Boggy Creek Rd,,Orlando,FL,32824,US
Amazon MDW1,6605 W Monee Manhattan Rd,,Monee,IL,60449,US
Amazon MDW8,1125 W Remington Blvd,,Romeoville,IL,60446,US
Amazon MGE1,1850 Mercer Rd,,Lexington,KY,40511,US
Amazon MKC1,19645 W 156th St,,Olathe,KS,66062,US
Amazon MKE2,3501 120th Ave,,Kenosha,WI,53144,US
Amazon OAK1,35903 Fremont Blvd,,Fremont,CA,94536,US
Amazon OKC2,2645 Crossroads Blvd,,Oklahoma City,OK,73149,US
Amazon PHL5,500 Boulder Dr,,Breinigsville,PA,18031,US
Amazon PHL6,675 Allen Rd,,Carlisle,PA,17015,US
Amazon PHL7,705 Boulder Dr,,Breinigsville,PA,18031,US
Amazon PHX1,16920 W Commerce Dr,,Goodyear,AZ,85338,US
Amazon PHX2,4750 W Mohave St,,Phoenix,AZ,85043,US
Amazon PIT1,700 Brush Creek Rd,,Warrendale,PA,15086,US
Amazon RNO1,8000 N Virginia St,,Reno,NV,89506,US
Amazon RNO4,8000 N Virginia St,,Reno,NV,89506,US
Amazon SAT1,6000 Enterprise Ave,,Schertz,TX,78154,US
Amazon SAT2,14611 Northbrook Dr,,San Antonio,TX,78232,US
Amazon SDF1,271 Omega Pkwy,,Shepherdsville,KY,40165,US
Amazon SDF2,4360 Robards Ln,,Brooks,KY,40109,US
Amazon SDF4,376 Zappos.com Blvd,,Shepherdsville,KY,40165,US
Amazon SDF6,705 S Preston Hwy,,Shepherdsville,KY,40165,US
Amazon SDF7,1050 S Hurstbourne Pkwy,,Louisville,KY,40222,US
Amazon SMF2,3000 Gateway Ct,,McClellan,CA,95652,US
Amazon SNA4,1910 E Central Ave,,San Bernardino,CA,92408,US
Amazon STL1,2060 Lakeside Dr,,Edwardsville,IL,62025,US
Amazon STL7,13850 Lakefront Dr,,Earth City,MO,63045,US
Amazon TPA5,3350 Laurel Ridge Ave,,Ruskin,FL,33570,US
Amazon TUL1,7451 S 73rd E Ave,,Tulsa,OK,74133,US
Walmart DC #6100,1500 Distribution Way,,Woodland,CA,95776,US
Walmart DC #6103,2000 Logistics Pkwy,,Cheyenne,WY,82007,US
Walmart DC #6105,3000 Distribution Dr,,Johnstown,CO,80534,US
Walmart DC #6107,1700 Walmart Way,,Apple Valley,CA,92308,US
Walmart DC #6108,2500 Distribution Pkwy,,Buckeye,AZ,85326,US
Walmart DC #6110,3200 Logistics Dr,,Casa Grande,AZ,85193,US
Walmart DC #6115,1800 Distribution Way,,Porterville,CA,93257,US
Walmart DC #6120,2700 Walmart Dr,,Washington Court House,OH,43160,US
Walmart DC #6125,1600 Distribution Pkwy,,Lewiston,ID,83501,US
Walmart DC #6130,2900 Logistics Way,,Baxter Springs,KS,66713,US
Walmart DC #6135,1500 Walmart Pkwy,,Harrisburg,IL,62946,US
Walmart DC #6140,3100 Distribution Dr,,New Castle,PA,16101,US
Walmart DC #6145,2200 Logistics Pkwy,,Utica,NY,13502,US
Walmart DC #6150,1900 Distribution Way,,Lewisberry,PA,17339,US
Walmart DC #6155,2600 Walmart Way,,Ft Pierce,FL,34982,US
Walmart DC #6160,3300 Distribution Pkwy,,Cibolo,TX,78108,US
Walmart DC #6165,1700 Logistics Dr,,Waco,TX,76705,US
Walmart DC #6170,2400 Distribution Way,,Shawnee,OK,74804,US
Walmart DC #6175,3000 Walmart Pkwy,,Maumelle,AR,72113,US
Walmart DC #6180,1800 Distribution Dr,,Hamlet,NC,28345,US
Target DC Woodland,1515 Matmor Rd,,Woodland,CA,95776,US
Target DC Fontana,16850 Valley Blvd,,Fontana,CA,92335,US
Target DC Tucson,8181 S Kolb Rd,,Tucson,AZ,85756,US
Target DC Dallas Bulk,13550 Diplomat Dr,,Farmers Branch,TX,75234,US
Target DC Shafter Food,18800 Shafter Ave,,Shafter,CA,93263,US
Target DC Woodland Food,1515 Matmor Rd,,Woodland,CA,95776,US
Target DC Rialto Import,1900 S Riverside Ave,,Rialto,CA,92376,US
Target DC Lacey Regional,7001 Linderson Way SW,,Lacey,WA,98503,US
Target DC Oconomowoc Food,1050 N Sawyer Rd,,Oconomowoc,WI,53066,US
Target DC Iowa City,2645 Westwinds Dr,,Iowa City,IA,52246,US
Old Dominion Houston,14444 Will Clayton Pkwy,,Houston,TX,77032,US
Old Dominion Atlanta,4100 Wendell Dr SW,,Atlanta,GA,30336,US
Old Dominion Dallas,3300 S Carrier Pkwy,,Grand Prairie,TX,75051,US
Old Dominion Phoenix,2700 S 24th St,,Phoenix,AZ,85034,US
Old Dominion Los Angeles,17120 S Main St,,Gardena,CA,90248,US
YRC Freight Chicago,1650 Glenn Curtiss St,,Elk Grove Village,IL,60007,US
YRC Freight Dallas,2500 Logistics Pkwy,,Grand Prairie,TX,75050,US
Estes Express Atlanta,3575 Clearview Ave SW,,Atlanta,GA,30331,US
Estes Express Charlotte,6801 W WT Harris Blvd,,Charlotte,NC,28269,US
ABF Freight Chicago,1000 Distribution Dr,,Chicago,IL,60666,US
Saia Atlanta,4100 Wendell Dr SW,,Atlanta,GA,30336,US
R+L Carriers Wilmington,675 Allen Rd,,Carlisle,PA,17015,US
TForce Freight Dallas,8250 N Stemmons Fwy,,Dallas,TX,75247,US
Southeastern Freight,3575 Clearview Ave SW,,Atlanta,GA,30331,US
Holland Motor Express,2777 Pilot Dr,,Memphis,TN,38118,US
Tractor Supply DC Casa Grande,3000 Distribution Dr,,Casa Grande,AZ,85193,US
Tractor Supply DC Frankfort,1000 TSC Blvd,,Frankfort,KY,40601,US
Tractor Supply DC Waverly,191 TSC Dr,,Waverly,NE,68462,US
Bass Pro Shops DC Springfield,2500 E Kearney St,,Springfield,MO,65803,US
Cabela's DC Sidney,1 Cabela Dr,,Sidney,NE,69160,US
REI DC Sumner,28910 SW Boberg Rd,,Sumner,WA,98390,US
Dick's Sporting Goods DC Conklin,333 Broome Corporate Pkwy,,Conklin,NY,13748,US
Academy Sports DC Katy,21010 Park Row Dr,,Katy,TX,77449,US
Harbor Freight DC Dallas,8250 N Stemmons Fwy,,Dallas,TX,75247,US
Northern Tool DC Faribault,2800 Lyndale Ave S,,Faribault,MN,55021,US
Williams Sonoma DC Memphis,2777 Pilot Dr,,Memphis,TN,38118,US
Bed Bath Beyond DC Aberdeen,8000 Old Philadelphia Rd,,Aberdeen,MD,21001,US
Burlington Stores DC Edgewater Park,450 Delran Pkwy,,Edgewater Park,NJ,08010,US
Ross Stores DC Moreno Valley,24208 San Michele Rd,,Moreno Valley,CA,92551,US
Michaels Stores DC Dallas,8250 N Stemmons Fwy,,Dallas,TX,75247,US
Hobby Lobby DC Oklahoma City,7707 SW 44th St,,Oklahoma City,OK,73179,US
Jo-Ann Stores DC Hudson,5555 Darrow Rd,,Hudson,OH,44236,US
American Eagle DC Warrendale,700 Brush Creek Rd,,Warrendale,PA,15086,US
Abercrombie DC New Albany,6786 Agler Rd,,New Albany,OH,43054,US
Victoria's Secret DC Reynoldsburg,8711 E Broad St,,Reynoldsburg,OH,43068,US
Smart & Final DC Riverside,7177 Jurupa Ave,,Riverside,CA,92504,US
WinCo Foods DC Woodland,1515 Matmor Rd,,Woodland,CA,95776,US
Food Lion DC Dunn,1835 Erwin Rd,,Dunn,NC,28334,US
Food Lion DC Salisbury,1200 Food Lion Dr,,Salisbury,NC,28147,US
Giant Food DC Landover,9301 Largo Dr W,,Landover,MD,20774,US
Stop & Shop DC Freetown,301 Faunce Corner Rd,,North Dartmouth,MA,02747,US
Hannaford DC Schodack Landing,145 Hannaford Dr,,Schodack Landing,NY,12156,US
ShopRite DC Breinigsville,705 Boulder Dr,,Breinigsville,PA,18031,US
Wakefern DC Branchburg,5000 Riverside Dr,,Branchburg,NJ,08876,US
Ahold USA DC Carlisle,675 Allen Rd,,Carlisle,PA,17015,US
United Natural Foods DC York,401 Elmwood Ave,,York,PA,17402,US
C&S Wholesale DC York,4 Research Dr,,Westborough,MA,01581,US
Supervalu DC Stockton,3000 Gateway Ct,,Stockton,CA,95206,US
Associated Food Stores DC Farr West,1850 W 2100 S,,Farr West,UT,84404,US
SpartanNash DC Grand Rapids,850 76th St SW,,Byron Center,MI,49315,US
Menards DC Eau Claire,5101 Menard Dr,,Eau Claire,WI,54703,US
Menards DC Shelby,1200 Distribution Dr,,Shelby,IA,51570,US
84 Lumber DC Eighty Four,1019 Route 519,,Eighty Four,PA,15330,US
Builders FirstSource DC Dallas,2001 Bryan St,,Dallas,TX,75201,US
BMC Stock Holdings DC Raleigh,8020 Arrowridge Blvd,,Charlotte,NC,28273,US
US LBM DC Phoenix,4835 W McDowell Rd,,Phoenix,AZ,85035,US
McCoy's DC San Marcos,3000 Interstate 35 S,,San Marcos,TX,78666,US
Ace Hardware DC Rocklin,2250 Northrop Ave,,Sacramento,CA,95838,US
True Value DC Lebanon,14840 Central Pike,,Lebanon,TN,37090,US
Nordstrom DC Portland,9000 SE 74th Ave,,Portland,OR,97222,US
Bloomingdale's DC Carlstadt,500 Plaza Dr,,Secaucus,NJ,07094,US
Dillard's DC Mabelvale,11411 Mabelvale West Rd,,Mabelvale,AR,72103,US
Belk DC Jonesville,100 Mission Ridge,,Jonesville,SC,29353,US
Sears Logistics DC Groveport,4500 Gateway Ct,,Groveport,OH,43125,US
Neiman Marcus DC Dallas,13550 Diplomat Dr,,Farmers Branch,TX,75234,US
Saks Fifth Avenue DC Memphis,2777 Pilot Dr,,Memphis,TN,38118,US
IKEA DC Savannah,150 Gulfstream Rd,,Pooler,GA,31322,US
IKEA DC Tejon Ranch,5800 Dennis McCarthy Dr,,Lebec,CA,93243,US
Ashley Furniture DC Ecru,1 Ashley Way,,Ecru,MS,38841,US
La-Z-Boy DC Dayton,1 La-Z-Boy Dr,,Dayton,TN,37321,US
Ethan Allen DC Maiden,300 Distribution Dr,,Maiden,NC,28650,US
Crate & Barrel DC Cranbury,75 S Main St,,Cranbury,NJ,08512,US
Pottery Barn DC Memphis,2777 Pilot Dr,,Memphis,TN,38118,US
West Elm DC Memphis,2550 Pilot Dr,,Memphis,TN,38118,US
RH DC Tracy,1601 S MacArthur Dr,,Tracy,CA,95377,US
VF Corporation DC Casa Grande,3000 Distribution Dr,,Casa Grande,AZ,85193,US
Hanesbrands DC Martinsville,1000 E Main St,,Martinsville,VA,24112,US
Fruit of the Loom DC Bowling Green,1 Fruit of the Loom Dr,,Bowling Green,KY,42103,US
Levi Strauss DC Henderson,271 Omega Pkwy,,Henderson,NV,89014,US
Ralph Lauren DC Greensboro,6050 Ballinger Rd,,Greensboro,NC,27410,US
PVH Corp DC Dublin,4500 Gateway Ct,,Dublin,GA,31021,US
Columbia Sportswear DC Portland,9000 SE 74th Ave,,Portland,OR,97222,US
Carhartt DC Hanson,5750 Mercury Dr,,Hanson,KY,42413,US
B&H Photo DC Edison,420 Ninth Ave,,New York,NY,10001,US
Newegg DC City of Industry,17560 Rowland St,,City of Industry,CA,91748,US
Micro Center DC Hilliard,4119 Leap Rd,,Hilliard,OH,43026,US
Fry's Electronics DC Woodland Hills,19860 Nordhoff St,,Northridge,CA,91324,US
Ulta Beauty DC Phoenix,4835 W McDowell Rd,,Phoenix,AZ,85035,US
Ulta Beauty DC Chambersburg,265 Walker Dr,,Chambersburg,PA,17201,US
Sephora DC Phoenix,2700 S 24th St,,Phoenix,AZ,85034,US
Sally Beauty DC Denton,3001 W University Dr,,Denton,TX,76201,US
Barnes & Noble DC Monroe,1500 Distribution Pkwy,,Monroe,NJ,08831,US
Half Price Books DC Dallas,8250 N Stemmons Fwy,,Dallas,TX,75247,US
Mattel DC El Segundo,333 Continental Blvd,,El Segundo,CA,90245,US
Hasbro DC East Longmeadow,1027 Newport Ave,,Pawtucket,RI,02861,US
LEGO DC Enfield,555 Taylor Rd,,Enfield,CT,06082,US
Funko DC Everett,2802 Wetmore Ave,,Everett,WA,98201,US
Signet Jewelers DC Dallas,375 Ghent Rd,,Akron,OH,44333,US
Tiffany & Co DC Parsippany,200 Campus Dr,,Parsippany,NJ,07054,US
Herman Miller DC Zeeland,855 E Main Ave,,Zeeland,MI,49464,US
Steelcase DC Grand Rapids,901 44th St SE,,Grand Rapids,MI,49508,US
Knoll DC East Greenville,1235 Water St,,East Greenville,PA,18041,US
Chewy DC Indianapolis,715 Airtech Pkwy,,Plainfield,IN,46168,US
Chewy DC Ocala,3400 NW 35th Ave Rd,,Ocala,FL,34482,US
Chewy DC Las Vegas,8000 N Las Vegas Blvd,,Las Vegas,NV,89115,US
Chewy DC Kansas City,19645 W 156th St,,Olathe,KS,66062,US
Chewy DC Reno,8000 N Virginia St,,Reno,NV,89506,US
Pfizer DC Kalamazoo,7000 Portage Rd,,Kalamazoo,MI,49001,US
Johnson & Johnson DC Skillman,1 Johnson & Johnson Plz,,New Brunswick,NJ,08933,US
Merck DC Rahway,2000 Galloping Hill Rd,,Kenilworth,NJ,07033,US
AbbVie DC North Chicago,1 N Waukegan Rd,,North Chicago,IL,60064,US
Amazon BWI4,1001 Winterson Rd,,Linthicum Heights,MD,21090,US
Amazon CHA3,7200 Discovery Dr,,Chattanooga,TN,37416,US
Amazon CHS1,1600 Palmetto Commerce Pkwy,,Charleston,SC,29456,US
Amazon CVG2,2929 Worldwide Blvd,,Hebron,KY,41048,US
Amazon CVG3,1155 Worldwide Blvd,,Hebron,KY,41048,US
Amazon CVG5,1600 Worldwide Blvd,,Hebron,KY,41048,US
Amazon DCA6,45901 Maries Rd,,Sterling,VA,20166,US
Amazon DCA8,22000 Shaw Rd,,Sterling,VA,20166,US
Amazon DEN6,16601 E 40th Ave,,Aurora,CO,80011,US
Amazon DEN7,21333 E 38th Dr,,Aurora,CO,80019,US
Amazon DTW2,38600 Amrhein Rd,,Livonia,MI,48150,US
Amazon EWR1,2 Marant Way,,Carteret,NJ,07008,US
Amazon FTW1,14900 Frye Rd,,Fort Worth,TX,76155,US
Amazon IND7,11555 N Pennsylvania St,,Carmel,IN,46032,US
Amazon JVL1,5401 County Rd BD,,Milton,WI,53563,US
Amazon LGB1,4950 Goodman Way,,Eastvale,CA,91752,US
Amazon LGB5,1301 E Empire Ave,,Rancho Cucamonga,CA,91739,US
Amazon LGB7,24300 Nandina Ave,,Moreno Valley,CA,92551,US
Amazon LGB9,1910 E Central Ave,,San Bernardino,CA,92408,US
Amazon MEM5,3250 Lamar Ave,,Memphis,TN,38118,US
Amazon MSP2,2601 4th Ave E,,Shakopee,MN,55379,US
Amazon MSP7,1100 Northland Dr,,Princeton,MN,55371,US
Amazon OKC3,7450 W Reno Ave,,Oklahoma City,OK,73127,US
Amazon ORF1,2920 S Military Hwy,,Chesapeake,VA,23323,US
Amazon ORF2,2852 S Military Hwy,,Chesapeake,VA,23323,US
Amazon ORF3,2920 S Military Hwy,,Chesapeake,VA,23323,US
Amazon PHL2,1 Centerpoint Blvd,,New Castle,DE,19720,US
Amazon PHL3,50 New Canton Way,,Robbinsville,NJ,08691,US
Amazon PHL8,550 Oak Ridge Rd,,Hazleton,PA,18202,US
Amazon PHX4,16920 W Commerce Dr,,Goodyear,AZ,85338,US
Amazon PIT2,8360 William Flynn Hwy,,Allison Park,PA,15101,US
Amazon RDU2,2424 Summit Park Ln,,Garner,NC,27529,US
Amazon RIC4,1901 Meadowville Technology Pkwy,,Chester,VA,23836,US
Amazon RIC5,5000 Commerce Rd,,Petersburg,VA,23803,US
Amazon RNO2,8000 N Virginia St,,Reno,NV,89506,US
Amazon RNO5,11600 N Virginia St,,Reno,NV,89506,US
Amazon SAT3,14611 Northbrook Dr,,San Antonio,TX,78232,US
Amazon SDF3,376 Zappos.com Blvd,,Shepherdsville,KY,40165,US
Amazon SDF5,700 S Hurstbourne Pkwy,,Louisville,KY,40222,US
Amazon SJC1,2850 Airway Ave,,Costa Mesa,CA,92626,US
Amazon SJC3,2450 Walsh Ave,,Santa Clara,CA,95051,US
Amazon SJC4,3003 Olin Ave,,San Jose,CA,95128,US
Amazon SLC2,5775 W Harold Gatty Dr,,Salt Lake City,UT,84116,US
Amazon SMF4,8915 Kiefer Blvd,,Sacramento,CA,95826,US
Amazon SMF8,7901 Truxel Rd,,Sacramento,CA,95823,US
Amazon STL2,2150 Lakeside Dr,,Edwardsville,IL,62025,US
Amazon STL3,3077 Gateway Commerce Center Dr S,,Edwardsville,IL,62025,US
Amazon TEB4,8003 Industrial Ave,,North Bergen,NJ,07047,US
Amazon TPA3,10729 Bloomingdale Ave,,Riverview,FL,33578,US
Amazon TPA4,3350 Laurel Ridge Ave,,Ruskin,FL,33570,US
Walmart DC #7031,1500 Distribution Way,,Hermiston,OR,97838,US
Walmart DC #7033,2000 Logistics Pkwy,,Greencastle,PA,17225,US
Walmart DC #7034,2500 Distribution Dr,,Montgomery,AL,36117,US
Walmart DC #7035,3000 Walmart Way,,Hearne,TX,77859,US
Walmart DC #7036,1700 Distribution Pkwy,,Lewisberry,PA,17339,US
Walmart DC #7037,2200 Logistics Way,,Ft Worth,TX,76155,US
Walmart DC #7038,2900 Distribution Dr,,Lancaster,TX,75146,US
Walmart DC #7039,1600 Walmart Pkwy,,Gentry,AR,72734,US
Walmart DC #7040,3100 Distribution Way,,Raymond,NH,03077,US
Walmart DC #7041,1800 Logistics Dr,,Bethel,PA,19507,US
Walmart DC #7042,2600 Distribution Pkwy,,Olyphant,PA,18447,US
Walmart DC #7043,3200 Walmart Way,,Shelbyville,TN,37160,US
Walmart DC #7044,1900 Distribution Dr,,Fontana,CA,92335,US
Walmart DC #7045,2700 Logistics Pkwy,,Greenwood,IN,46143,US
Walmart DC #7046,3300 Distribution Way,,Mount Pleasant,TX,75455,US
Walmart DC #7047,1500 Walmart Dr,,Plainview,TX,79072,US
Walmart DC #7048,2400 Distribution Pkwy,,Deridder,LA,70634,US
Walmart DC #7049,3000 Logistics Way,,Winter Garden,FL,34787,US
Walmart DC #7050,1700 Distribution Dr,,Indianola,MS,38751,US
Target DC Little Rock,8201 Pullen Rd,,Little Rock,AR,72209,US
Target DC Denton,3001 W University Dr,,Denton,TX,76201,US
Target DC Phoenix Import,2627 S 40th St,,Phoenix,AZ,85034,US
Target DC Reno,8000 N Virginia St,,Reno,NV,89506,US
Target DC Shafter Import,18800 Shafter Ave,,Shafter,CA,93263,US
Target DC Lacey Import,7001 Linderson Way SW,,Lacey,WA,98503,US
Target DC Mobile,3805 Peach Orchard Rd,,Mobile,AL,36619,US
Target DC Midvale,6350 S 3000 E,,Salt Lake City,UT,84121,US
Home Depot RDC Seattle,5200 N Rivergate Ave,,Portland,OR,97203,US
Home Depot RDC Detroit,11101 Metro Airport Center Dr,,Romulus,MI,48174,US
Home Depot RDC Minneapolis,2727 4th Ave E,,Shakopee,MN,55379,US
Home Depot RDC Kansas City,19645 W 156th St,,Olathe,KS,66062,US
Home Depot RDC Philadelphia,401 Elmwood Ave,,Sharon Hill,PA,19079,US
Home Depot RDC Las Vegas,8000 N Las Vegas Blvd,,Las Vegas,NV,89115,US
Home Depot RDC Charlotte,6801 W WT Harris Blvd,,Charlotte,NC,28269,US
Home Depot RDC Indianapolis,715 Airtech Pkwy,,Plainfield,IN,46168,US
Lowe's RDC Houston,14444 Will Clayton Pkwy,,Houston,TX,77032,US
Lowe's RDC Atlanta,4100 Wendell Dr SW,,Atlanta,GA,30336,US
Lowe's RDC Phoenix,4835 W McDowell Rd,,Phoenix,AZ,85035,US
Lowe's RDC Chicago,1650 Glenn Curtiss St,,Elk Grove Village,IL,60007,US
Lowe's RDC Dallas,8250 N Stemmons Fwy,,Dallas,TX,75247,US
Lowe's RDC Memphis,2777 Pilot Dr,,Memphis,TN,38118,US
Lowe's RDC Denver,18901 E 39th Ave,,Denver,CO,80249,US
Costco DC Seattle,1155 S 192nd St,,Seattle,WA,98148,US
Costco DC Detroit,7501 Merriman Rd,,Romulus,MI,48174,US
Costco DC Minneapolis,2727 4th Ave E,,Shakopee,MN,55379,US
Costco DC Boston,400 American Legion Hwy,,Revere,MA,02151,US
Costco DC Portland,9000 SE 74th Ave,,Portland,OR,97222,US
Costco DC Salt Lake City,6350 S 3000 E,,Salt Lake City,UT,84121,US
Walmart Supercenter DC #6200,1500 Distribution Way,,Apple Valley,CA,92308,US
Walmart Supercenter DC #6201,2000 Logistics Pkwy,,Buckeye,AZ,85326,US
Walmart Supercenter DC #6202,2500 Distribution Dr,,Casa Grande,AZ,85193,US
Walmart Supercenter DC #6203,3000 Walmart Way,,Cheyenne,WY,82007,US
Walmart Supercenter DC #6204,1700 Distribution Pkwy,Woodland,CA,95776,US,
Walmart Supercenter DC #6205,2200 Logistics Way,,Johnstown,CO,80534,US
Ahold Delhaize DC Carlisle,675 Allen Rd,,Carlisle,PA,17015,US
Ahold Delhaize DC Breinigsville,705 Boulder Dr,,Breinigsville,PA,18031,US
Ahold Delhaize DC Avenel,301 Blair Rd,,Avenel,NJ,07001,US
Wakefern Food Corp DC Elizabeth,600 York St,,Elizabeth,NJ,07201,US
McKesson DC Richmond,5000 Commerce Rd,,Richmond,VA,23234,US
McKesson DC Sacramento,3775 Industrial Blvd,,West Sacramento,CA,95691,US
Cardinal Health DC Columbus,6050 Gateway Ct,,Groveport,OH,43125,US
Cardinal Health DC Phoenix,2700 S 24th St,,Phoenix,AZ,85034,US
AmerisourceBergen DC Columbus,4500 Gateway Ct,,Groveport,OH,43125,US
AmerisourceBergen DC Phoenix,4835 W McDowell Rd,,Phoenix,AZ,85035,US
AutoZone DC Atlanta,4100 Wendell Dr SW,,Atlanta,GA,30336,US
AutoZone DC Houston,14444 Will Clayton Pkwy,,Houston,TX,77032,US
O'Reilly Auto DC Memphis,2777 Pilot Dr,,Memphis,TN,38118,US
O'Reilly Auto DC Atlanta,3575 Clearview Ave SW,,Atlanta,GA,30331,US
Advance Auto DC Atlanta,4100 Wendell Dr SW,,Atlanta,GA,30336,US
Advance Auto DC Dallas,8250 N Stemmons Fwy,,Dallas,TX,75247,US
Grainger DC Orlando,7777 Kingspointe Pkwy,,Orlando,FL,32819,US
Grainger DC Houston,14444 Will Clayton Pkwy,,Houston,TX,77032,US
Grainger DC Phoenix,4835 W McDowell Rd,,Phoenix,AZ,85035,US
MSC Industrial DC Atlanta,3575 Clearview Ave SW,,Atlanta,GA,30331,US
Fastenal DC Dallas,8250 N Stemmons Fwy,,Dallas,TX,75247,US
Sysco DC Dallas,3001 Industrial Blvd,,Dallas,TX,75207,US
Sysco DC Memphis,2777 Pilot Dr,,Memphis,TN,38118,US
US Foods DC Atlanta,4100 Wendell Dr SW,,Atlanta,GA,30336,US
US Foods DC Dallas,8250 N Stemmons Fwy,,Dallas,TX,75247,US
Performance Food Group DC Phoenix,4835 W McDowell Rd,,Phoenix,AZ,85035,US
Performance Food Group DC Dallas,3001 Industrial Blvd,,Dallas,TX,75207,US
Gap Inc DC Memphis,2777 Pilot Dr,,Memphis,TN,38118,US
Gap Inc DC Hebron,2855 Worldwide Blvd,,Hebron,OH,43025,US
Nike DC Wilsonville,28910 SW Boberg Rd,,Wilsonville,OR,97070,US
Under Armour DC Baltimore,2010 Broening Hwy,,Baltimore,MD,21224,US
VF Corporation DC Visalia,301 W Dakota Ave,,Visalia,CA,93291,US
CEVA Logistics Phoenix,4835 W McDowell Rd,,Phoenix,AZ,85035,US
CEVA Logistics Houston,14444 Will Clayton Pkwy,,Houston,TX,77032,US
Ryder Logistics Dallas,8250 N Stemmons Fwy,,Dallas,TX,75247,US
Ryder Logistics Chicago,1650 Glenn Curtiss St,,Elk Grove Village,IL,60007,US
Schneider Logistics Phoenix,2700 S 24th St,,Phoenix,AZ,85034,US
Schneider Logistics Atlanta,4100 Wendell Dr SW,,Atlanta,GA,30336,US
XPO Logistics Phoenix,4835 W McDowell Rd,,Phoenix,AZ,85035,US
XPO Logistics Houston,14444 Will Clayton Pkwy,,Houston,TX,77032,US
C.H. Robinson Chicago,1650 Glenn Curtiss St,,Elk Grove Village,IL,60007,US
C.H. Robinson Dallas,8250 N Stemmons Fwy,,Dallas,TX,75247,US
Chewy DC Winchester,555 Kohl's Dr,,Winchester,VA,22602,US
Wayfair DC Houston,14444 Will Clayton Pkwy,,Houston,TX,77032,US
Shopify DC Atlanta,4100 Wendell Dr SW,,Atlanta,GA,30336,US
Fanatics DC Phoenix,4835 W McDowell Rd,,Phoenix,AZ,85035,US
Tractor Supply DC Phoenix,4835 W McDowell Rd,,Phoenix,AZ,85035,US
Dick's Sporting Goods DC Phoenix,2700 S 24th St,,Phoenix,AZ,85034,US
Academy Sports DC Houston,14444 Will Clayton Pkwy,,Houston,TX,77032,US
Bass Pro Shops DC Atlanta,4100 Wendell Dr SW,,Atlanta,GA,30336,US
Amazon GEG1,10010 W Geiger Blvd,,Spokane,WA,99224,US
Amazon GRR2,3680 Kraft Ave SE,,Kentwood,MI,49512,US
Amazon GSP1,402 John Dodd Rd,,Spartanburg,SC,29303,US
Amazon HGR1,17220 S Halsted St,,South Holland,IL,60473,US
Amazon HOU6,22001 W Hardy Rd,,Houston,TX,77073,US
Amazon HOU8,1800 N Mason Rd,,Katy,TX,77449,US
Amazon HOU9,21010 Park Row Dr,,Katy,TX,77449,US
Amazon JAX4,13333 103rd St,,Jacksonville,FL,32221,US
Amazon LAS3,6040 Tropical Pkwy,,North Las Vegas,NV,89031,US
Amazon LAS4,8000 N Las Vegas Blvd,,Las Vegas,NV,89115,US
Amazon LAS5,6710 Boulder Hwy,,Las Vegas,NV,89122,US
Amazon LFT1,1600 Creswell Ln,,Opelousas,LA,70570,US
Amazon MCO4,12340 Boggy Creek Rd,,Orlando,FL,32824,US
Amazon MDW3,6605 W Monee Manhattan Rd,,Monee,IL,60449,US
Amazon MDW5,24000 W Durkee Rd,,Channahon,IL,60410,US
Amazon MEM6,8300 Centerpoint Dr,,Memphis,TN,38125,US
Amazon MGE2,1850 Mercer Rd,,Lexington,KY,40511,US
Amazon MSN2,4433 Larson Beach Rd,,McFarland,WI,53558,US
Amazon MSP3,2601 4th Ave E,,Shakopee,MN,55379,US
Amazon MSP4,15005 27th Ave N,,Plymouth,MN,55447,US
Amazon MSP5,2727 4th Ave E,,Shakopee,MN,55379,US
Amazon MSY1,14630 Crossroads Pkwy,,City of Industry,CA,91746,US
Amazon OKC4,7450 W Reno Ave,,Oklahoma City,OK,73127,US
Amazon ONT1,24208 San Michele Rd,,Moreno Valley,CA,92551,US
Amazon ONT3,1910 E Central Ave,,San Bernardino,CA,92408,US
Amazon ONT4,24300 Nandina Ave,,Moreno Valley,CA,92551,US
Amazon ONT5,1901 E Central Ave,,San Bernardino,CA,92408,US
Amazon ONT7,2125 W San Bernardino Ave,,Redlands,CA,92374,US
Amazon PHL9,21 Roadway Dr,,Carlisle,PA,17015,US
Amazon PHX8,6835 W Buckeye Rd,,Phoenix,AZ,85043,US
Amazon PHX9,16920 W Commerce Dr,,Goodyear,AZ,85338,US
Amazon PIT3,8360 William Flynn Hwy,,Allison Park,PA,15101,US
Amazon RDU3,2424 Summit Park Ln,,Garner,NC,27529,US
Amazon RDU4,3502 Gateway Centre Blvd,,Morrisville,NC,27560,US
Amazon SAN2,3680 Calle Fortunada,,San Diego,CA,92173,US
Amazon SAT4,6000 Enterprise Ave,,Schertz,TX,78154,US
Amazon SAV3,150 Woodley Rd,,Savannah,GA,31408,US
Amazon SAV4,100 Gulfstream Rd,,Pooler,GA,31322,US
Amazon SLC3,5775 W Harold Gatty Dr,,Salt Lake City,UT,84116,US
Amazon SMF9,4200 Northgate Blvd,,Sacramento,CA,95834,US
Amazon TPA7,10729 Bloomingdale Ave,,Riverview,FL,33578,US
Amazon TUL2,7451 S 73rd E Ave,,Tulsa,OK,74133,US
Walmart DC #6250,1500 Distribution Way,,Laurel,MS,39443,US
Walmart DC #6255,2000 Logistics Pkwy,,London,KY,40741,US
Walmart DC #6260,2500 Distribution Dr,,Sutherland,NE,69165,US
Walmart DC #6265,3000 Walmart Way,,Hopkinsville,KY,42240,US
Walmart DC #6270,1700 Distribution Pkwy,,Pataskala,OH,43062,US
Walmart DC #6275,2200 Logistics Way,,Greencastle,PA,17225,US
Walmart DC #6280,2900 Distribution Dr,,Washington Court House,OH,43160,US
Walmart DC #6285,1600 Walmart Pkwy,Lewiston,ID,83501,US,
Walmart DC #6290,3100 Distribution Way,,Baxter Springs,KS,66713,US
Walmart DC #6295,1800 Logistics Dr,,Harrisburg,IL,62946,US
Target DC Columbus,1501 Gateway Cir,,Grove City,OH,43123,US
Target DC Phoenix Perishable,2627 S 40th St,,Phoenix,AZ,85034,US
Target DC Dallas Perishable,13550 Diplomat Dr,,Farmers Branch,TX,75234,US
Target DC Atlanta Perishable,3900 Crown Rd SW,,Atlanta,GA,30336,US
Kroger DC Louisville,3901 Produce Rd,,Louisville,KY,40213,US
Kroger DC Houston,14444 Will Clayton Pkwy,,Houston,TX,77032,US
Kroger DC Phoenix,2700 S 24th St,,Phoenix,AZ,85034,US
Albertsons DC Dallas,8250 N Stemmons Fwy,,Dallas,TX,75247,US
Albertsons DC Riverside,7177 Jurupa Ave,,Riverside,CA,92504,US
Publix DC Deerfield Beach,3191 NW 99th Ave,,Deerfield Beach,FL,33442,US
Publix DC Sarasota,2000 Main St,,Sarasota,FL,34237,US
H-E-B DC Austin,1801 E 51st St,,Austin,TX,78723,US
Safeway DC Phoenix,4835 W McDowell Rd,,Phoenix,AZ,85035,US
Whole Foods DC Atlanta,4100 Wendell Dr SW,,Atlanta,GA,30336,US
Aldi DC Phoenix,4835 W McDowell Rd,,Phoenix,AZ,85035,US
Sprouts DC Dallas,8250 N Stemmons Fwy,,Dallas,TX,75247,US
Meijer DC Indianapolis,6801 W Washington St,,Indianapolis,IN,46241,US
McKesson DC Orlando,7777 Kingspointe Pkwy,,Orlando,FL,32819,US
Cardinal Health DC Houston,14444 Will Clayton Pkwy,,Houston,TX,77032,US
AmerisourceBergen DC Dallas,8250 N Stemmons Fwy,,Dallas,TX,75247,US
CVS Health DC Atlanta,4100 Wendell Dr SW,,Atlanta,GA,30336,US
Walgreens DC Phoenix,4835 W McDowell Rd,,Phoenix,AZ,85035,US
AutoZone DC Los Angeles,17120 S Main St,,Gardena,CA,90248,US
O'Reilly Auto DC Phoenix,4835 W McDowell Rd,,Phoenix,AZ,85035,US
Advance Auto DC Houston,14444 Will Clayton Pkwy,,Houston,TX,77032,US
NAPA Auto DC Dallas,8250 N Stemmons Fwy,,Dallas,TX,75247,US
Ferguson DC Phoenix,2700 S 24th St,,Phoenix,AZ,85034,US
Grainger DC Dallas,8250 N Stemmons Fwy,,Dallas,TX,75247,US
Sysco DC Denver,18901 E 39th Ave,,Denver,CO,80249,US
US Foods DC Memphis,2777 Pilot Dr,,Memphis,TN,38118,US
Coca-Cola DC Dallas,3001 Industrial Blvd,,Dallas,TX,75207,US
PepsiCo DC Atlanta,4100 Wendell Dr SW,,Atlanta,GA,30336,US
Gap Inc DC Dallas,8250 N Stemmons Fwy,,Dallas,TX,75247,US
Nike DC Atlanta,4100 Wendell Dr SW,,Atlanta,GA,30336,US
Under Armour DC Phoenix,4835 W McDowell Rd,,Phoenix,AZ,85035,US
Wayfair DC Dallas,8250 N Stemmons Fwy,,Dallas,TX,75247,US
Chewy DC Phoenix,4835 W McDowell Rd,,Phoenix,AZ,85035,US
Dick's Sporting Goods DC Atlanta,4100 Wendell Dr SW,,Atlanta,GA,30336,US
Tractor Supply DC Dallas,8250 N Stemmons Fwy,,Dallas,TX,75247,US
Williams Sonoma DC Dallas,8250 N Stemmons Fwy,,Dallas,TX,75247,US
Michaels Stores DC Phoenix,4835 W McDowell Rd,,Phoenix,AZ,85035,US
Hobby Lobby DC Houston,14444 Will Clayton Pkwy,,Houston,TX,77032,US
Food Lion DC Elloree,1835 Erwin Rd,,Elloree,SC,29047,US
ShopRite DC Carlisle,675 Allen Rd,,Carlisle,PA,17015,US
UPS Chicago Area Hub,1000 UPS Way,,Hodgkins,IL,60525,US
